id,nombre,categoria,marca,estado,costo,moneda,precio,consultar,detalle,compat,plazo,garantia,nota,foto,destacado,activo,proveedor,codigo_proveedor,orden
samsung-a06-64,Samsung Galaxy A06,celulares,Samsung,Nuevo,145,USD,,,4 GB · 64 GB,,24 a 48 h,6 meses,,https://samsungar.vtexassets.com/arquivos/ids/220386-600-auto?width=600&height=auto&aspect=true,,si,Zona,,10
samsung-a16-128,Samsung Galaxy A16,celulares,Samsung,Nuevo,170,USD,,,4 GB · 128 GB,,24 a 48 h,6 meses,,https://samsungar.vtexassets.com/arquivos/ids/220642-600-auto?width=600&height=auto&aspect=true,si,si,Zona,,20
samsung-a07-128,Samsung Galaxy A07,celulares,Samsung,Nuevo,180,USD,,,4 GB · 128 GB,,24 a 48 h,6 meses,,https://eliumnova.com.ar/img/productos/samsung-a07-128.webp,,si,Zona,,30
samsung-a17-128,Samsung Galaxy A17,celulares,Samsung,Nuevo,185,USD,,,4 GB · 128 GB,,24 a 48 h,6 meses,,https://samsungar.vtexassets.com/arquivos/ids/220689-600-auto?width=600&height=auto&aspect=true,,si,Zona,,40
samsung-a17-256,Samsung Galaxy A17,celulares,Samsung,Nuevo,265,USD,,,8 GB · 256 GB,,24 a 48 h,6 meses,,https://samsungar.vtexassets.com/arquivos/ids/220689-600-auto?width=600&height=auto&aspect=true,,si,Zona,,50
samsung-a36-256,Samsung Galaxy A36 5G,celulares,Samsung,Nuevo,330,USD,,,8 GB · 256 GB,,24 a 48 h,6 meses,,https://samsungar.vtexassets.com/arquivos/ids/221038-600-auto?width=600&height=auto&aspect=true,,si,Zona,,60
samsung-a07-64,Samsung Galaxy A07,celulares,Samsung,Nuevo,150,USD,,,4 GB · 64 GB,,24 a 48 h,6 meses,,,,si,Zona,,70
samsung-a17-5g-256,Samsung Galaxy A17 5G,celulares,Samsung,Nuevo,340,USD,,,8 GB · 256 GB,,24 a 48 h,6 meses,,,,si,Zona,,80
samsung-a27-5g-256,Samsung Galaxy A27 5G,celulares,Samsung,Nuevo,325,USD,,,8 GB · 256 GB,,24 a 48 h,6 meses,,,,si,Zona,,90
samsung-a37-5g-256,Samsung Galaxy A37 5G,celulares,Samsung,Nuevo,385,USD,,,8 GB · 256 GB,,24 a 48 h,6 meses,,,,si,Zona,,100
samsung-a56-5g-256,Samsung Galaxy A56 5G,celulares,Samsung,Nuevo,395,USD,,,8 GB · 256 GB,,24 a 48 h,6 meses,,,,si,Zona,,110
samsung-a56-5g-12-256,Samsung Galaxy A56 5G,celulares,Samsung,Nuevo,425,USD,,,12 GB · 256 GB,,24 a 48 h,6 meses,,,,si,Zona,,120
samsung-a57-5g-256,Samsung Galaxy A57 5G,celulares,Samsung,Nuevo,420,USD,,,8 GB · 256 GB,,24 a 48 h,6 meses,,,si,si,Zona,,130
samsung-s25-ultra-512,Samsung Galaxy S25 Ultra,celulares,Samsung,Nuevo,940,USD,,,12 GB · 512 GB,,24 a 48 h,6 meses,,,,si,Zona,,140
samsung-s26-plus-256,Samsung Galaxy S26+,celulares,Samsung,Nuevo,880,USD,,,12 GB · 256 GB,,24 a 48 h,6 meses,,,,si,Zona,,150
samsung-s26-ultra-256,Samsung Galaxy S26 Ultra,celulares,Samsung,Nuevo,1000,USD,,,12 GB · 256 GB,,24 a 48 h,6 meses,,,si,si,Zona,,160
moto-g06-128,Motorola Moto G06,celulares,Motorola,Nuevo,165,USD,,,4 GB · 128 GB,,24 a 48 h,6 meses,,https://armoto.vtexassets.com/arquivos/ids/174019-800-auto?v=639235230936700000&width=800&height=auto&aspect=true,,si,Zona,,170
moto-g15-256,Motorola Moto G15,celulares,Motorola,Nuevo,190,USD,,,4 GB · 256 GB,,24 a 48 h,6 meses,,https://armoto.vtexassets.com/arquivos/ids/174524-800-auto?v=639231962293800000&width=800&height=auto&aspect=true,si,si,Zona,,180
moto-g35-256,Motorola Moto G35 5G,celulares,Motorola,Nuevo,205,USD,,,4 GB · 256 GB,,24 a 48 h,6 meses,,https://armoto.vtexassets.com/arquivos/ids/174511-800-auto?v=639234372130630000&width=800&height=auto&aspect=true,,si,Zona,,190
moto-g56-256,Motorola Moto G56 5G,celulares,Motorola,Nuevo,275,USD,,,8 GB · 256 GB,,24 a 48 h,6 meses,,https://eliumnova.com.ar/img/productos/moto-g56-256.webp,,si,Zona,,200
moto-g15-512,Motorola Moto G15,celulares,Motorola,Nuevo,215,USD,,,4 GB · 512 GB,,24 a 48 h,6 meses,,,,si,Zona,,210
moto-g17-power-256,Motorola Moto G17 Power,celulares,Motorola,Nuevo,255,USD,,,8 GB · 256 GB,,24 a 48 h,6 meses,,,,si,Zona,,220
moto-g47-5g-128,Motorola Moto G47 5G,celulares,Motorola,Nuevo,225,USD,,,8 GB · 128 GB,,24 a 48 h,6 meses,Viene sin cargador en la caja (lo podés sumar desde Accesorios).,,,si,Zona,,230
moto-g56-12-256,Motorola Moto G56 5G,celulares,Motorola,Nuevo,280,USD,,,12 GB · 256 GB,,24 a 48 h,6 meses,,,,si,Zona,,240
moto-g57-5g-256,Motorola Moto G57 5G,celulares,Motorola,Nuevo,255,USD,,,8 GB · 256 GB,,24 a 48 h,6 meses,Viene sin cargador en la caja (lo podés sumar desde Accesorios).,,,si,Zona,,250
moto-g67-256,Motorola Moto G67,celulares,Motorola,Nuevo,290,USD,,,8 GB · 256 GB,,24 a 48 h,6 meses,,,,si,Zona,,260
moto-g77-256,Motorola Moto G77,celulares,Motorola,Nuevo,290,USD,,,8 GB · 256 GB,,24 a 48 h,6 meses,,,,si,Zona,,270
moto-g86-5g-256,Motorola Moto G86 5G,celulares,Motorola,Nuevo,295,USD,,,8 GB · 256 GB,,24 a 48 h,6 meses,Viene sin cargador en la caja (lo podés sumar desde Accesorios).,,si,si,Zona,,280
moto-g86-power-256,Motorola Moto G86 Power 5G,celulares,Motorola,Nuevo,305,USD,,,8 GB · 256 GB,,24 a 48 h,6 meses,,,,si,Zona,,290
moto-edge-60-fusion-256,Motorola Edge 60 Fusion 5G,celulares,Motorola,Nuevo,305,USD,,,8 GB · 256 GB,,24 a 48 h,6 meses,,,,si,Zona,,300
moto-edge-60-pro-256,Motorola Edge 60 Pro 5G,celulares,Motorola,Nuevo,395,USD,,,8 GB · 256 GB,,24 a 48 h,6 meses,,,,si,Zona,,310
moto-edge-70-fusion-256,Motorola Edge 70 Fusion 5G,celulares,Motorola,Nuevo,420,USD,,,12 GB · 256 GB,,24 a 48 h,6 meses,,,,si,Zona,,320
moto-edge-70-256,Motorola Edge 70 5G,celulares,Motorola,Nuevo,425,USD,,,8 GB · 256 GB,,24 a 48 h,6 meses,,,,si,Zona,,330
redmi-15c-128,Xiaomi Redmi 15C,celulares,Xiaomi,Nuevo,175,USD,,,4 GB · 128 GB,,24 a 48 h,6 meses,,,,si,Zona,,340
redmi-15c-256,Xiaomi Redmi 15C,celulares,Xiaomi,Nuevo,195,USD,,,8 GB · 256 GB,,24 a 48 h,6 meses,,,,si,Zona,,350
redmi-15-256,Xiaomi Redmi 15,celulares,Xiaomi,Nuevo,235,USD,,,8 GB · 256 GB · batería 7000 mAh,,24 a 48 h,6 meses,,https://eliumnova.com.ar/img/productos/redmi-15.webp,,si,Zona,,360
redmi-note-15-256,Xiaomi Redmi Note 15,celulares,Xiaomi,Nuevo,255,USD,,,8 GB · 256 GB,,24 a 48 h,6 meses,,,,si,Zona,,370
redmi-note-17-256,Xiaomi Redmi Note 17,celulares,Xiaomi,Nuevo,260,USD,,,6 GB · 256 GB,,24 a 48 h,6 meses,,,,si,Zona,,380
redmi-note-15-pro-256,Xiaomi Redmi Note 15 Pro,celulares,Xiaomi,Nuevo,315,USD,,,8 GB · 256 GB,,24 a 48 h,6 meses,,,si,si,Zona,,390
redmi-note-15-pro-plus-256,Xiaomi Redmi Note 15 Pro+,celulares,Xiaomi,Nuevo,405,USD,,,8 GB · 256 GB,,24 a 48 h,6 meses,,,,si,Zona,,400
poco-m8-5g-256,Xiaomi Poco M8 5G,celulares,Xiaomi,Nuevo,270,USD,,,8 GB · 256 GB,,24 a 48 h,6 meses,,,,si,Zona,,410
poco-x8-pro-256,Xiaomi Poco X8 Pro 5G,celulares,Xiaomi,Nuevo,435,USD,,,8 GB · 256 GB,,24 a 48 h,6 meses,,,,si,Zona,,420
poco-f8-pro-256,Xiaomi Poco F8 Pro 5G,celulares,Xiaomi,Nuevo,530,USD,,,12 GB · 256 GB,,24 a 48 h,6 meses,,,,si,Zona,,430
infinix-hot-60-pro-256,Infinix Hot 60 Pro,celulares,Infinix,Nuevo,225,USD,,,8 GB · 256 GB,,24 a 48 h,6 meses,,,,si,Zona,,440
infinix-note-50-pro-256,Infinix Note 50 Pro,celulares,Infinix,Nuevo,290,USD,,,8 GB · 256 GB · NFC,,24 a 48 h,6 meses,,,,si,Zona,,450
iphone-13-128-usado,iPhone 13,celulares,Apple,Reacondicionado,309,USD,,,128 GB · batería 82–100%,,3 a 5 días hábiles,3 meses,Revisado en el taller antes de entregarlo. Te pasamos el % de batería exacto por WhatsApp.,https://eliumnova.com.ar/img/productos/iphone-13-128-usado.webp,si,si,Box,,460
iphone-13-pro-128-usado,iPhone 13 Pro,celulares,Apple,Reacondicionado,390,USD,,,128 GB · batería 100%,,24 a 48 h,3 meses,Revisado en el taller antes de entregarlo.,https://eliumnova.com.ar/img/productos/iphone-13-pro-128-usado.webp,,si,GoaTech,,470
iphone-13-pro-max-256-usado,iPhone 13 Pro Max,celulares,Apple,Reacondicionado,519,USD,,,256 GB · batería 100%,,3 a 5 días hábiles,3 meses,Revisado en el taller antes de entregarlo.,https://eliumnova.com.ar/img/productos/iphone-13-pro-max-256-usado.webp,si,si,Box,,480
iphone-12-pro-usado,iPhone 12 Pro,celulares,Apple,Reacondicionado,0,USD,,si,128 GB,,"Por encargue, según stock",3 meses,"Te pasamos precio, color y % de batería por WhatsApp antes de confirmar.",,,si,,,490
iphone-12-usado,iPhone 12,celulares,Apple,Reacondicionado,0,USD,,si,64 o 128 GB,,"Por encargue, según stock",3 meses,"Te pasamos precio, color y % de batería por WhatsApp antes de confirmar.",,,si,,,500
iphone-11-usado,iPhone 11,celulares,Apple,Reacondicionado,0,USD,,si,64 o 128 GB,,"Por encargue, según stock",3 meses,"Te pasamos precio, color y % de batería por WhatsApp antes de confirmar.",,,si,,,510
iphone-14-128-usado,iPhone 14,celulares,Apple,Reacondicionado,369,USD,,,128 GB · batería 84%,,3 a 5 días hábiles,3 meses,Revisado en el taller antes de entregarlo. Te pasamos el % de batería exacto por WhatsApp.,https://eliumnova.com.ar/img/productos/iphone-14.webp,,si,Box,,520
iphone-14-pro-128-usado,iPhone 14 Pro,celulares,Apple,Reacondicionado,459,USD,,,128 GB · batería 80–88%,,3 a 5 días hábiles,3 meses,Revisado en el taller antes de entregarlo. Te pasamos el % de batería exacto por WhatsApp.,https://eliumnova.com.ar/img/productos/iphone-14-pro.webp,,si,Box,,530
iphone-15-128-usado,iPhone 15,celulares,Apple,Reacondicionado,469,USD,,,128 GB · batería 85–88%,,3 a 5 días hábiles,3 meses,Revisado en el taller antes de entregarlo. Te pasamos el % de batería exacto por WhatsApp.,https://eliumnova.com.ar/img/productos/iphone-15.webp,si,si,Box,,540
iphone-15-pro-128-usado,iPhone 15 Pro,celulares,Apple,Reacondicionado,589,USD,,,128 GB · batería 82–87%,,3 a 5 días hábiles,3 meses,Revisado en el taller antes de entregarlo. Te pasamos el % de batería exacto por WhatsApp.,https://eliumnova.com.ar/img/productos/iphone-15-pro.webp,,si,Box,,550
iphone-16-128-usado,iPhone 16,celulares,Apple,Reacondicionado,639,USD,,,128 GB · batería 86–89%,,3 a 5 días hábiles,3 meses,Revisado en el taller antes de entregarlo. Te pasamos el % de batería exacto por WhatsApp.,https://eliumnova.com.ar/img/productos/iphone-16.webp,,si,Box,,560
iphone-16-pro-128-usado,iPhone 16 Pro,celulares,Apple,Reacondicionado,729,USD,,,128 GB · batería 88–90%,,3 a 5 días hábiles,3 meses,Revisado en el taller antes de entregarlo. Te pasamos el % de batería exacto por WhatsApp.,https://eliumnova.com.ar/img/productos/iphone-16-pro.webp,si,si,Box,,570
iphone-16-pro-max-256-usado,iPhone 16 Pro Max,celulares,Apple,Reacondicionado,869,USD,,,256 GB · batería 88–93%,,3 a 5 días hábiles,3 meses,Revisado en el taller antes de entregarlo. Te pasamos el % de batería exacto por WhatsApp.,https://eliumnova.com.ar/img/productos/iphone-16-pro-max.webp,,si,Box,,580
iphone-17-256-usado,iPhone 17,celulares,Apple,Reacondicionado,809,USD,,,256 GB · batería 98%,,3 a 5 días hábiles,3 meses,Revisado en el taller antes de entregarlo.,https://eliumnova.com.ar/img/productos/iphone-17.webp,,si,Box,,590
iphone-17-pro-max-256-usado,iPhone 17 Pro Max,celulares,Apple,Reacondicionado,1169,USD,,,256 GB · batería 98%,,3 a 5 días hábiles,3 meses,Revisado en el taller antes de entregarlo.,https://eliumnova.com.ar/img/productos/iphone-17-pro-max.webp,,si,Box,,600
iphone-15-128-sellado,iPhone 15,celulares,Apple,Sellado,750,USD,,,128 GB,,24 a 48 h,6 meses,Sellado en caja.,https://eliumnova.com.ar/img/productos/iphone-15.webp,,si,Zona,,610
iphone-16-128-sellado,iPhone 16,celulares,Apple,Sellado,849,USD,,,128 GB,,3 a 5 días hábiles,6 meses,Sellado en caja.,https://eliumnova.com.ar/img/productos/iphone-16.webp,,si,Box,,620
iphone-17e-256-sellado,iPhone 17e,celulares,Apple,Sellado,780,USD,,,256 GB,,24 a 48 h,6 meses,Sellado en caja.,,,si,Zona,,630
iphone-17-256-sellado,iPhone 17,celulares,Apple,Sellado,1000,USD,,,256 GB,,24 a 48 h,6 meses,Sellado en caja.,https://eliumnova.com.ar/img/productos/iphone-17.webp,,si,Zona,,640
iphone-17-pro-256-sellado,iPhone 17 Pro,celulares,Apple,Sellado,1230,USD,,,256 GB,,24 a 48 h,6 meses,Sellado en caja.,https://eliumnova.com.ar/img/productos/iphone-17-pro-max.webp,,si,Zona,,650
iphone-17-pro-max-256-sellado,iPhone 17 Pro Max,celulares,Apple,Sellado,1310,USD,,,256 GB,,24 a 48 h,6 meses,Sellado en caja.,https://eliumnova.com.ar/img/productos/iphone-17-pro-max.webp,si,si,Zona,,660
iphone-18-pro-256-sellado,iPhone 18 Pro,celulares,Apple,Sellado,1450,USD,,,256 GB,,24 a 48 h,6 meses,Sellado en caja.,,,si,Zona,,670
iphone-18-pro-max-256-sellado,iPhone 18 Pro Max,celulares,Apple,Sellado,1700,USD,,,256 GB,,24 a 48 h,6 meses,Sellado en caja.,,,si,Zona,,680
airpods-4,AirPods 4,audio,Apple,Sellado,130,USD,,,"Originales, versión EE.UU.",,2 a 4 días hábiles,6 meses,,https://store.storeimages.cdn-apple.com/1/as-images.apple.com/is/airpods-4-down-compare-202409?wid=600&hei=600&fmt=jpeg&qlt=90,si,si,Onpres,MXP63LL/A,690
airpods-4-anc,AirPods 4 con cancelación de ruido,audio,Apple,Sellado,190,USD,,,"Originales, versión EE.UU.",,2 a 4 días hábiles,6 meses,,https://store.storeimages.cdn-apple.com/1/as-images.apple.com/is/airpods-4-up-compare-202409?wid=600&hei=600&fmt=jpeg&qlt=90,,si,Onpres,MXP93LL/A,700
mac-mini-m4,Mac mini M4,mac,Apple,Sellado,1030,USD,,,16 GB · 512 GB SSD,,2 a 4 días hábiles,6 meses,,https://store.storeimages.cdn-apple.com/1/as-images.apple.com/is/mac-mini-chip-unselect-202608-gallery-1?wid=1200&hei=630&fmt=jpeg&qlt=95&.v=1785998455498,,si,Onpres,MU9E3LL/A,710
macbook-air-m5-13,"MacBook Air M5 13""",mac,Apple,Sellado,1400,USD,,,16 GB · 512 GB SSD,,2 a 4 días hábiles,6 meses,Teclado en inglés (versión EE.UU.).,https://eliumnova.com.ar/img/productos/macbook-air-m5-13.webp,,si,Onpres,MDHH4LL/A,720
templado-9d,Vidrio templado Full 9D,accesorios,Genérico,Nuevo,1040,ARS,6900,,,"Samsung línea A, Motorola línea G, iPhone 11 a 13. Consultá tu modelo.","Por encargue, 2 a 4 días",6 meses,La colocación va de regalo en el taller.,https://eliumnova.com.ar/img/productos/templado-9d.webp,si,si,DistriLand,,730
funda-antishock,Funda transparente antishock,accesorios,Genérico,Nuevo,2280,ARS,8900,,,"Samsung línea A, Motorola línea G, iPhone 11 a 13. Consultá tu modelo.","Por encargue, 2 a 4 días",6 meses,,https://eliumnova.com.ar/img/productos/funda-antishock.webp,,si,DistriLand,,740
cable-c-lightning,Cable USB-C a Lightning 1 m,accesorios,Genérico,Nuevo,4670,ARS,11900,,,iPhone con conector Lightning (hasta iPhone 14),2 a 4 días hábiles,6 meses,,https://acdn-us.mitiendanube.com/stores/288/942/products/6132-cable-iphone-tipo-c-a-lightning-generico-con-logo-en-caja-1-mt-3-dd6bfea41c616dbe8917271200435992-640-0.webp,,si,DistriLand,,750
cable-c-c,Cable USB-C a USB-C 1 m,accesorios,Genérico,Nuevo,5700,ARS,11900,,,iPhone 15 en adelante y Android con USB-C,2 a 4 días hábiles,6 meses,,https://acdn-us.mitiendanube.com/stores/288/942/products/6133-cable-iphone-tipo-c-a-tipo-c-generico-con-logo-en-caja-1-mt-1-52fe7af2778f749bb717271201978123-640-0.webp,,si,DistriLand,,760
cable-c-c-motorola,Cable USB-C a USB-C Motorola,accesorios,Motorola,Nuevo,7840,ARS,,,,Android con USB-C,2 a 4 días hábiles,6 meses,Original.,https://acdn-us.mitiendanube.com/stores/288/942/products/5553-cable-tipo-c-a-tipo-c-motorola-original-negro-21-b41c2e80d4d444b78b16667084455493-640-0.webp,,si,DistriLand,,770
cargador-ngtech-lightning,Cargador NGTech 2.1A con cable Lightning,accesorios,NGTech,Nuevo,6220,ARS,,,,iPhone con conector Lightning,2 a 4 días hábiles,6 meses,,https://acdn-us.mitiendanube.com/stores/288/942/products/4685-cargador-de-pared-con-cable-lightning-ngtech-carga-rapida-2-1a_71-fc078ff47cedacb94e16354280359187-640-0.webp,,si,DistriLand,,780
cargador-ngtech-c,Cargador NGTech 2.1A con cable USB-C,accesorios,NGTech,Nuevo,6610,ARS,,,,Android con USB-C,2 a 4 días hábiles,6 meses,,https://acdn-us.mitiendanube.com/stores/288/942/products/4686-cargador-de-pared-con-cable-tipo-c-ngtech-carga-rapida-2-1a_81-ab60ddd320bf46b47116354282415248-640-0.webp,,si,DistriLand,,790
cargador-motorola-20w,Cargador Motorola 20W,accesorios,Motorola,Nuevo,13890,ARS,,,,Motorola y Android con USB-C,2 a 4 días hábiles,6 meses,Original (MC-206).,https://acdn-us.mitiendanube.com/stores/288/942/products/5549-cargador-de-pared-motorola-mc-206-adaptador-3000-mah-20w-negro-original1-3205748db6ed27bfca16667147703347-640-0.webp,,si,DistriLand,,800
cargador-motorola-33w,Cargador Motorola 33W,accesorios,Motorola,Nuevo,22510,ARS,,,,Motorola con TurboPower,2 a 4 días hábiles,6 meses,Original (MC-336).,https://acdn-us.mitiendanube.com/stores/288/942/products/5562-cargador-de-pared-motorola-mc-336-adaptador-3000-mah-33w-tipo-c-negro-original1-20a360433feae2efe216667155084878-640-0.webp,,si,DistriLand,,810
cargador-20w-apple,Cargador 20W USB-C para iPhone,accesorios,Apple,Nuevo,19,USD,,,,iPhone 8 en adelante,24 a 48 h,6 meses,Original.,https://eliumnova.com.ar/img/productos/cargador-20w-apple.webp,,si,GoaTech,,820
